hidden_size,epochs,MSE_pos,MSE_rot,RMSE_pos,RMSE_rot
39,1,1.3429628499348958,73.98494545934287,1.5285004377365112,78.6721133636246
hidden_size,epochs,MSE_pos,MSE_rot,RMSE_pos,RMSE_rot
39,1,1.339360150062526,77.17971035618791,1.5347844362258911,80.77618826835061
39,1,1.3394289450031263,77.96039229141003,1.5193430185317993,81.25254171463007
39,1,1.352126324345809,66.91727338123526,1.543583869934082,71.4501635543817
