hidden_dim,batch_size,lr_adam,lr_epochs,lr_multiplicator,weight_decay_adam,layers,dropout,n_epochs
1024,512,0.0001,50,0.5,0.000000000001,1,0,500
1024,512,0.0001,50,0.5,0.000000000001,1,0,500
1024,512,0.0001,50,0.5,0.000000000001,1,0,400
1024,512,0.0001,50,0.5,0.000000000001,1,0,300
1024,512,0.0001,50,0.5,0.000000000001,1,0,600
1024,512,0.0001,50,0.5,0.000000000001,1,0,700
